<?xml version="1.0" encoding="UTF-8"?>
<project-private xmlns="http://www.netbeans.org/ns/project-private/1">
    <editor-bookmarks xmlns="http://www.netbeans.org/ns/editor-bookmarks/2" lastBookmarkId="0"/>
    <open-files xmlns="http://www.netbeans.org/ns/projectui-open-files/2">
        <group>
            <file>file:/D:/IT/Pratice/JAVA/JavaFX/GUESoft/src/guesoft/controller/LoginTelaController.java</file>
            <file>file:/D:/IT/Pratice/JAVA/JavaFX/GUESoft/src/guesoft/style/logintela.css</file>
            <file>file:/D:/IT/Pratice/JAVA/JavaFX/GUESoft/src/guesoft/fxml/LoginTela.fxml</file>
            <file>file:/D:/IT/Pratice/JAVA/JavaFX/GUESoft/src/guesoft/view/LoginTela.java</file>
        </group>
    </open-files>
</project-private>
